{
  "name": "exp7_llm_zeroshot",
  "family": "llm",
  "description": "Aya-Expanse-8B zero-shot",
  "n_test": 216,
  "accuracy": 0.39351851851851855,
  "macro_f1": 0.3544020768140788,
  "macro_precision": 0.4428225108225108,
  "macro_recall": 0.41087777712872636,
  "weighted_f1": 0.3654359335053154,
  "per_class": {
    "non_hate": {
      "precision": 0.5324675324675324,
      "recall": 0.43157894736842106,
      "f1": 0.47674418604651164,
      "support": 95
    },
    "offensive": {
      "precision": 0.5,
      "recall": 0.10294117647058823,
      "f1": 0.17073170731707318,
      "support": 68
    },
    "hate": {
      "precision": 0.296,
      "recall": 0.6981132075471698,
      "f1": 0.4157303370786517,
      "support": 53
    }
  },
  "model_name": "CohereForAI/aya-expanse-8b",
  "raw_samples": [
    "non_hate",
    "non_hate",
    "non_hate",
    "hate",
    "non_hate",
    "hate",
    "hate",
    "non_hate",
    "non_hate",
    "non_hate",
    "hate",
    "hate",
    "hate",
    "hate",
    "non_hate",
    "hate",
    "offensive",
    "hate",
    "hate",
    "hate"
  ]
}