{
  "name": "exp6_xlmr",
  "family": "transformer",
  "description": "XLM-RoBERTa-base fine-tuned, 5 epochs, bs 16, lr 2e-5",
  "n_test": 216,
  "accuracy": 0.5138888888888888,
  "macro_f1": 0.43087129588677575,
  "macro_precision": 0.4422207479483021,
  "macro_recall": 0.4465476955429639,
  "weighted_f1": 0.4793884220354809,
  "per_class": {
    "non_hate": {
      "precision": 0.5864661654135338,
      "recall": 0.8210526315789474,
      "f1": 0.6842105263157895,
      "support": 95
    },
    "offensive": {
      "precision": 0.49019607843137253,
      "recall": 0.36764705882352944,
      "f1": 0.42016806722689076,
      "support": 68
    },
    "hate": {
      "precision": 0.25,
      "recall": 0.1509433962264151,
      "f1": 0.18823529411764706,
      "support": 53
    }
  },
  "model_name": "xlm-roberta-base",
  "epochs": 5,
  "batch_size": 16,
  "learning_rate": 2e-05
}