{
  "name": "exp5_mbert",
  "family": "transformer",
  "description": "mBERT fine-tuned, 5 epochs, bs 16, lr 2e-5",
  "n_test": 216,
  "accuracy": 0.5925925925925926,
  "macro_f1": 0.556844492182838,
  "macro_precision": 0.5616752852595625,
  "macro_recall": 0.5576805498763557,
  "weighted_f1": 0.588920382968002,
  "per_class": {
    "non_hate": {
      "precision": 0.7263157894736842,
      "recall": 0.7263157894736842,
      "f1": 0.7263157894736842,
      "support": 95
    },
    "offensive": {
      "precision": 0.5063291139240507,
      "recall": 0.5882352941176471,
      "f1": 0.54421768707483,
      "support": 68
    },
    "hate": {
      "precision": 0.4523809523809524,
      "recall": 0.3584905660377358,
      "f1": 0.4,
      "support": 53
    }
  },
  "model_name": "bert-base-multilingual-cased",
  "epochs": 5,
  "batch_size": 16,
  "learning_rate": 2e-05
}