{
  "name": "exp1_tfidf_baseline",
  "family": "classical",
  "description": "TF-IDF word 1-2grams + LogReg, minimal preprocessing",
  "n_test": 216,
  "accuracy": 0.5277777777777778,
  "macro_f1": 0.5096366738931094,
  "macro_precision": 0.5093945477291902,
  "macro_recall": 0.5099217243997898,
  "weighted_f1": 0.5278024563157828,
  "per_class": {
    "non_hate": {
      "precision": 0.6210526315789474,
      "recall": 0.6210526315789474,
      "f1": 0.6210526315789474,
      "support": 95
    },
    "offensive": {
      "precision": 0.4626865671641791,
      "recall": 0.45588235294117646,
      "f1": 0.45925925925925926,
      "support": 68
    },
    "hate": {
      "precision": 0.4444444444444444,
      "recall": 0.4528301886792453,
      "f1": 0.4485981308411215,
      "support": 53
    }
  }
}