{
  "name": "exp3_tfidf_char_ngram",
  "family": "classical",
  "description": "TF-IDF char 3-5grams + LogReg, full preprocessing",
  "n_test": 216,
  "accuracy": 0.6666666666666666,
  "macro_f1": 0.6460274074487272,
  "macro_precision": 0.6491915211080296,
  "macro_recall": 0.6444067994625854,
  "weighted_f1": 0.6643630856828826,
  "per_class": {
    "non_hate": {
      "precision": 0.7254901960784313,
      "recall": 0.7789473684210526,
      "f1": 0.751269035532995,
      "support": 95
    },
    "offensive": {
      "precision": 0.6451612903225806,
      "recall": 0.5882352941176471,
      "f1": 0.6153846153846154,
      "support": 68
    },
    "hate": {
      "precision": 0.5769230769230769,
      "recall": 0.5660377358490566,
      "f1": 0.5714285714285714,
      "support": 53
    }
  }
}