{
  "name": "exp4_tfidf_svm",
  "family": "classical",
  "description": "TF-IDF char 3-5grams + Linear SVM (calibrated)",
  "n_test": 216,
  "accuracy": 0.6666666666666666,
  "macro_f1": 0.6427123628180018,
  "macro_precision": 0.6559972199802707,
  "macro_recall": 0.6374466966528418,
  "weighted_f1": 0.6601092457473181,
  "per_class": {
    "non_hate": {
      "precision": 0.6964285714285714,
      "recall": 0.8210526315789474,
      "f1": 0.7536231884057971,
      "support": 95
    },
    "offensive": {
      "precision": 0.6271186440677966,
      "recall": 0.5441176470588235,
      "f1": 0.5826771653543307,
      "support": 68
    },
    "hate": {
      "precision": 0.6444444444444445,
      "recall": 0.5471698113207547,
      "f1": 0.5918367346938775,
      "support": 53
    }
  }
}